{
  "scale": 0.9199999999999999,
  "offsetX": 2.888888888888889,
  "offsetY": 5.777777777777778
}
