{
  "scale": 0.9199999999999999,
  "offsetX": 3.8518518518518516,
  "offsetY": 5.777777777777778
}
