{
  "scale": 0.94,
  "offsetX": 6.7407407407407405,
  "offsetY": 5.777777777777778
}
