{
  "scale": 0.8999999999999999,
  "offsetX": 0.962962962962963,
  "offsetY": 8.666666666666666
}
